"id","created_at","name","has_test","alternate_url"
"54431709","2022-03-29T16:32:02+0300","Junior Data Scientist / Младший Аналитик данных",false,"https://hh.ru/vacancy/54431709"
"54332179","2022-03-30T11:35:38+0300","Ведущий Python разработчик / Data scientist",false,"https://hh.ru/vacancy/54332179"
"50369358","2022-03-30T15:40:32+0300","Data Scientist",false,"https://hh.ru/vacancy/50369358"
"53014416","2022-03-31T11:47:19+0300","Middle Data Scientist",false,"https://hh.ru/vacancy/53014416"
"50751593","2022-03-31T14:38:12+0300","Разработчик нейросетевых алгоритмов / Data scientist",false,"https://hh.ru/vacancy/50751593"
"54418768","2022-03-31T16:17:08+0300","Senior data scientist",false,"https://hh.ru/vacancy/54418768"
"54498147","2022-03-31T17:52:16+0300","Аналитик данных/Data Scientist",false,"https://hh.ru/vacancy/54498147"
"54498414","2022-03-31T18:05:38+0300","Data analyst/Data Scientist",false,"https://hh.ru/vacancy/54498414"
"54500178","2022-03-31T21:12:12+0300","Senior Data Scientist (Data Lab Team)",false,"https://hh.ru/vacancy/54500178"
"54500194","2022-03-31T21:17:20+0300","Data Scientist / Data Analyst (DS Team)",false,"https://hh.ru/vacancy/54500194"
"53809111","2022-04-01T11:45:23+0300","Data scientist / Product analyst",false,"https://hh.ru/vacancy/53809111"
"49423067","2022-04-01T12:37:57+0300","Data Scientist",false,"https://hh.ru/vacancy/49423067"
"54320924","2022-04-01T13:50:31+0300","Data Scientist (аналитик данных в области управления персоналом)",false,"https://hh.ru/vacancy/54320924"
"53935564","2022-04-01T14:09:15+0300","Data Scientist в Data Accelerator (ML)",false,"https://hh.ru/vacancy/53935564"
"54430140","2022-04-01T15:57:17+0300","Data scientist",false,"https://hh.ru/vacancy/54430140"
"49598346","2022-04-01T16:05:38+0300","Аналитик данных / Data scientist",false,"https://hh.ru/vacancy/49598346"
"54522206","2022-04-01T16:48:15+0300","Data Scientist/ML engineer (Python/C++)",false,"https://hh.ru/vacancy/54522206"
"52322473","2022-04-01T17:31:55+0300","Junior Data Scientist (Big Data)",false,"https://hh.ru/vacancy/52322473"
"54263277","2022-04-01T21:12:32+0300","Дата-сайентист / Data Scientist [Computer Vision]",false,"https://hh.ru/vacancy/54263277"
"54057940","2022-04-02T17:44:24+0300","Data Scientist/ML Engineer (Middle+)",false,"https://hh.ru/vacancy/54057940"
